"","y0","site","subpop","id","area","areaNext","ht","htNext","logA","logAp","flower_p","flower","surv"
"1",2014,"Den Hill Preserve","A",218,170,130,NA,NA,2.23044892137827,2.11394335230684,0,"FF",1
"2",2014,"Den Hill Preserve","A",266,110,120,NA,NA,2.04139268515822,2.07918124604762,0,"FF",1
"3",2014,"Den Hill Preserve","A",268,110,230,NA,52,2.04139268515822,2.36172783601759,1,"FF",1
"4",2014,"Den Hill Preserve","A",269,40,90,NA,NA,1.60205999132796,1.95424250943932,0,"FF",1
"5",2014,"Den Hill Preserve","A",270,80,50,NA,NA,1.90308998699194,1.69897000433602,0,"FF",1
"6",2014,"Den Hill Preserve","A",271,40,80,NA,NA,1.60205999132796,1.90308998699194,0,"FF",1
"7",2014,"Den Hill Preserve","A",274,90,370,NA,NA,1.95424250943932,2.56820172406699,0,"FF",1
"8",2014,"Den Hill Preserve","A",278,90,70,NA,NA,1.95424250943932,1.84509804001426,0,"FF",1
"9",2014,"Den Hill Preserve","A",279,80,80,NA,NA,1.90308998699194,1.90308998699194,0,"FF",1
"10",2014,"Den Hill Preserve","A",280,90,30,75,NA,1.95424250943932,1.47712125471966,0,"FL",1
"11",2014,"Den Hill Preserve","A",281,40,80,NA,NA,1.60205999132796,1.90308998699194,0,"FF",1
"12",2014,"Den Hill Preserve","A",282,40,120,NA,NA,1.60205999132796,2.07918124604762,0,"FF",1
"13",2014,"Den Hill Preserve","A",283,50,70,NA,NA,1.69897000433602,1.84509804001426,0,"FF",1
"14",2014,"Den Hill Preserve","A",284,140,190,NA,NA,2.14612803567824,2.27875360095283,0,"FF",1
"15",2014,"Den Hill Preserve","A",287,60,350,NA,NA,1.77815125038364,2.54406804435028,0,"FF",1
"16",2014,"Den Hill Preserve","A",288,160,330,NA,NA,2.20411998265592,2.51851393987789,0,"FF",1
"17",2014,"Den Hill Preserve","A",292,180,150,NA,61,2.25527250510331,2.17609125905568,1,"FF",1
"18",2014,"Den Hill Preserve","A",293,80,140,NA,NA,1.90308998699194,2.14612803567824,0,"FF",1
"19",2014,"Den Hill Preserve","A",316,35,50,NA,NA,1.54406804435028,1.69897000433602,0,"FF",1
"20",2014,"Den Hill Preserve","A",342,40,110,NA,NA,1.60205999132796,2.04139268515822,0,"FF",1
"21",2014,"Den Hill Preserve","A",346,420,360,NA,86,2.6232492903979,2.55630250076729,1,"FF",1
"22",2014,"Den Hill Preserve","A",347,250,300,NA,97,2.39794000867204,2.47712125471966,1,"FF",1
"23",2014,"Den Hill Preserve","A",348,70,125,NA,NA,1.84509804001426,2.09691001300806,0,"FF",1
"24",2014,"Den Hill Preserve","A",362,70,330,NA,NA,1.84509804001426,2.51851393987789,0,"FF",1
"25",2014,"Den Hill Preserve","A",363,145,250,NA,63,2.16136800223497,2.39794000867204,1,"FF",1
"26",2014,"Den Hill Preserve","A",364,45,100,NA,NA,1.65321251377534,2,0,"FF",1
"27",2014,"Den Hill Preserve","A",365,25,35,NA,NA,1.39794000867204,1.54406804435028,0,"FF",1
"28",2014,"Den Hill Preserve","A",516.1,60,80,215,NA,1.77815125038364,1.90308998699194,0,"FL",1
"29",2014,"Den Hill Preserve","A",535,55,70,NA,NA,1.74036268949424,1.84509804001426,0,"FF",1
"30",2014,"Den Hill Preserve","A",536,170,200,NA,NA,2.23044892137827,2.30102999566398,0,"FF",1
"31",2014,"Den Hill Preserve","A",537,160,130,NA,NA,2.20411998265592,2.11394335230684,0,"FF",1
"32",2014,"Den Hill Preserve","A",538,110,105,NA,NA,2.04139268515822,2.02118929906994,0,"FF",1
"33",2014,"Den Hill Preserve","A",539,100,70,NA,NA,2,1.84509804001426,0,"FF",1
"34",2014,"Den Hill Preserve","A",540,40,25,NA,NA,1.60205999132796,1.39794000867204,0,"FF",1
"35",2014,"Den Hill Preserve","A",541,71,95,NA,NA,1.85125834871908,1.97772360528885,0,"FF",1
"36",2014,"Den Hill Preserve","A",542,65,50,NA,NA,1.81291335664286,1.69897000433602,0,"FF",1
"37",2014,"Den Hill Preserve","A",543,60,70,NA,NA,1.77815125038364,1.84509804001426,0,"FF",1
"38",2014,"Den Hill Preserve","A",544,145,205,NA,53,2.16136800223497,2.31175386105575,1,"FF",1
"39",2014,"Den Hill Preserve","A",545,30,70,NA,NA,1.47712125471966,1.84509804001426,0,"FF",1
"40",2014,"Den Hill Preserve","A",546,85,60,NA,NA,1.92941892571429,1.77815125038364,0,"FF",1
"41",2014,"Den Hill Preserve","A",547,55,40,NA,NA,1.74036268949424,1.60205999132796,0,"FF",1
"42",2014,"Den Hill Preserve","A",548,30,45,NA,NA,1.47712125471966,1.65321251377534,0,"FF",1
"43",2014,"Den Hill Preserve","A",549,450,340,NA,NA,2.65321251377534,2.53147891704225,0,"FF",1
"44",2014,"Den Hill Preserve","A",550,40,40,NA,NA,1.60205999132796,1.60205999132796,0,"FF",1
"45",2014,"Den Hill Preserve","A",551,40,60,NA,NA,1.60205999132796,1.77815125038364,0,"FF",1
"46",2014,"Den Hill Preserve","A",552,85,190,NA,NA,1.92941892571429,2.27875360095283,0,"FF",1
"47",2014,"Den Hill Preserve","A",553,100,110,NA,NA,2,2.04139268515822,0,"FF",1
"48",2014,"Den Hill Preserve","A",554,65,70,NA,NA,1.81291335664286,1.84509804001426,0,"FF",1
"49",2014,"Den Hill Preserve","A",555,55,NA,NA,NA,1.74036268949424,NA,0,"FF",0
"50",2014,"Den Hill Preserve","A",556,70,120,NA,NA,1.84509804001426,2.07918124604762,0,"FF",1
"51",2014,"Den Hill Preserve","A",557,150,210,NA,NA,2.17609125905568,2.32221929473392,0,"FF",1
"52",2014,"Den Hill Preserve","A",594,85,180,NA,NA,1.92941892571429,2.25527250510331,0,"FF",1
"53",2014,"Den Hill Preserve","A",595,185,190,NA,NA,2.26717172840301,2.27875360095283,0,"FF",1
"54",2014,"Den Hill Preserve","A",596,75,40,NA,NA,1.8750612633917,1.60205999132796,0,"FF",1
"55",2014,"Den Hill Preserve","A",597,210,160,NA,77,2.32221929473392,2.20411998265592,1,"FF",1
"56",2014,"Den Hill Preserve","A",598,60,140,NA,NA,1.77815125038364,2.14612803567824,0,"FF",1
"57",2014,"Den Hill Preserve","A",599,70,NA,NA,NA,1.84509804001426,NA,0,"FF",0
"58",2014,"Den Hill Preserve","B",38,130,130,NA,NA,2.11394335230684,2.11394335230684,0,"FF",1
"59",2014,"Den Hill Preserve","B",39,105,110,NA,NA,2.02118929906994,2.04139268515822,0,"FF",1
"60",2014,"Den Hill Preserve","B",40,145,240,NA,NA,2.16136800223497,2.38021124171161,0,"FF",1
"61",2014,"Den Hill Preserve","B",41,160,70,NA,75,2.20411998265592,1.84509804001426,1,"FF",1
"62",2014,"Den Hill Preserve","B",42,200,185,NA,103,2.30102999566398,2.26717172840301,1,"FF",1
"63",2014,"Den Hill Preserve","B",43,105,55,NA,NA,2.02118929906994,1.74036268949424,0,"FF",1
"64",2014,"Den Hill Preserve","B",44,60,30,NA,NA,1.77815125038364,1.47712125471966,0,"FF",1
"65",2014,"Den Hill Preserve","B",45,35,NA,NA,NA,1.54406804435028,NA,0,"FF",0
"66",2014,"Den Hill Preserve","B",46,65,50,NA,NA,1.81291335664286,1.69897000433602,0,"FF",1
"67",2014,"Den Hill Preserve","B",47,40,50,NA,NA,1.60205999132796,1.69897000433602,0,"FF",1
"68",2014,"Den Hill Preserve","B",48,80,75,NA,NA,1.90308998699194,1.8750612633917,0,"FF",1
"69",2014,"Den Hill Preserve","B",49,105,60,NA,NA,2.02118929906994,1.77815125038364,0,"FF",1
"70",2014,"Den Hill Preserve","B",50,130,120,60,NA,2.11394335230684,2.07918124604762,0,"FL",1
"71",2014,"Den Hill Preserve","B",51,135,100,60,NA,2.13033376849501,2,0,"FL",1
"72",2014,"Den Hill Preserve","B",52,120,NA,NA,NA,2.07918124604762,NA,0,"FF",0
"73",2014,"Den Hill Preserve","B",53,135,45,NA,NA,2.13033376849501,1.65321251377534,0,"FF",1
"74",2014,"Den Hill Preserve","B",54,170,100,NA,NA,2.23044892137827,2,0,"FF",1
"75",2014,"Den Hill Preserve","B",55,145,65,NA,NA,2.16136800223497,1.81291335664286,0,"FF",1
"76",2014,"Den Hill Preserve","B",56,160,180,NA,71,2.20411998265592,2.25527250510331,1,"FF",1
"77",2014,"Den Hill Preserve","B",57,135,120,NA,NA,2.13033376849501,2.07918124604762,0,"FF",1
"78",2014,"Den Hill Preserve","B",58,270,290,NA,52,2.43136376415899,2.46239799789896,1,"FF",1
"79",2014,"Den Hill Preserve","B",59,140,80,NA,NA,2.14612803567824,1.90308998699194,0,"FF",1
"80",2014,"Den Hill Preserve","B",60,135,120,NA,NA,2.13033376849501,2.07918124604762,0,"FF",1
"81",2014,"Den Hill Preserve","B",61,105,90,NA,NA,2.02118929906994,1.95424250943932,0,"FF",1
"82",2014,"Den Hill Preserve","B",62,230,260,NA,NA,2.36172783601759,2.41497334797082,0,"FF",1
"83",2014,"Den Hill Preserve","B",63,45,20,NA,NA,1.65321251377534,1.30102999566398,0,"FF",1
"84",2014,"Den Hill Preserve","B",64,50,150,NA,NA,1.69897000433602,2.17609125905568,0,"FF",1
"85",2014,"Den Hill Preserve","B",65,85,90,NA,NA,1.92941892571429,1.95424250943932,0,"FF",1
"86",2014,"Den Hill Preserve","B",66,85,110,NA,NA,1.92941892571429,2.04139268515822,0,"FF",1
"87",2014,"Den Hill Preserve","B",67,240,220,NA,NA,2.38021124171161,2.34242268082221,0,"FF",1
"88",2014,"Den Hill Preserve","B",68,190,210,NA,NA,2.27875360095283,2.32221929473392,0,"FF",1
"89",2014,"Den Hill Preserve","B",69,135,130,NA,NA,2.13033376849501,2.11394335230684,0,"FF",1
"90",2014,"Den Hill Preserve","B",70,130,40,NA,NA,2.11394335230684,1.60205999132796,0,"FF",1
"91",2014,"Den Hill Preserve","B",71,45,30,NA,NA,1.65321251377534,1.47712125471966,0,"FF",1
"92",2014,"Den Hill Preserve","B",72,120,40,NA,NA,2.07918124604762,1.60205999132796,0,"FF",1
"93",2014,"Den Hill Preserve","B",73,160,100,NA,NA,2.20411998265592,2,0,"FF",1
"94",2014,"Den Hill Preserve","B",74,120,90,NA,NA,2.07918124604762,1.95424250943932,0,"FF",1
"95",2014,"Den Hill Preserve","B",75,45,40,NA,NA,1.65321251377534,1.60205999132796,0,"FF",1
"96",2014,"Den Hill Preserve","B",76,65,60,NA,NA,1.81291335664286,1.77815125038364,0,"FF",1
"97",2014,"Den Hill Preserve","B",77,50,60,NA,NA,1.69897000433602,1.77815125038364,0,"FF",1
"98",2014,"Den Hill Preserve","B",78,65,90,NA,NA,1.81291335664286,1.95424250943932,0,"FF",1
"99",2014,"Den Hill Preserve","B",79,195,NA,NA,NA,2.29003461136252,NA,0,"FF",0
"100",2014,"Den Hill Preserve","B",80,175,50,NA,NA,2.24303804868629,1.69897000433602,0,"FF",1
"101",2014,"Den Hill Preserve","B",81,45,NA,NA,NA,1.65321251377534,NA,0,"FF",0
"102",2014,"Den Hill Preserve","B",82,25,NA,NA,NA,1.39794000867204,NA,0,"FF",0
"103",2014,"Den Hill Preserve","B",83,35,60,NA,NA,1.54406804435028,1.77815125038364,0,"FF",1
"104",2014,"Den Hill Preserve","B",84,30,40,NA,NA,1.47712125471966,1.60205999132796,0,"FF",1
"105",2014,"Den Hill Preserve","B",85,195,220,NA,NA,2.29003461136252,2.34242268082221,0,"FF",1
"106",2014,"Den Hill Preserve","B",86,200,150,NA,70,2.30102999566398,2.17609125905568,1,"FF",1
"107",2014,"Den Hill Preserve","B",87,50,30,NA,NA,1.69897000433602,1.47712125471966,0,"FF",1
"108",2014,"Den Hill Preserve","B",88,55,30,NA,NA,1.74036268949424,1.47712125471966,0,"FF",1
"109",2014,"Den Hill Preserve","B",89,105,40,NA,NA,2.02118929906994,1.60205999132796,0,"FF",1
"110",2014,"Den Hill Preserve","B",90,125,150,NA,NA,2.09691001300806,2.17609125905568,0,"FF",1
"111",2014,"Den Hill Preserve","B",91,65,120,NA,NA,1.81291335664286,2.07918124604762,0,"FF",1
"112",2014,"Den Hill Preserve","B",92,30,70,NA,NA,1.47712125471966,1.84509804001426,0,"FF",1
"113",2014,"Den Hill Preserve","B",93,90,60,NA,56,1.95424250943932,1.77815125038364,1,"FF",1
"114",2014,"Den Hill Preserve","B",94,340,240,NA,99,2.53147891704225,2.38021124171161,1,"FF",1
"115",2014,"Den Hill Preserve","B",95,95,50,NA,NA,1.97772360528885,1.69897000433602,0,"FF",1
"116",2014,"Den Hill Preserve","B",96,95,NA,NA,NA,1.97772360528885,NA,0,"FF",0
"117",2014,"Den Hill Preserve","B",97,60,40,NA,NA,1.77815125038364,1.60205999132796,0,"FF",1
"118",2014,"Den Hill Preserve","B",98,140,180,NA,NA,2.14612803567824,2.25527250510331,0,"FF",1
"119",2014,"Den Hill Preserve","B",99,105,200,NA,NA,2.02118929906994,2.30102999566398,0,"FF",1
"120",2014,"Den Hill Preserve","B",100,260,230,NA,NA,2.41497334797082,2.36172783601759,0,"FF",1
"121",2014,"Den Hill Preserve","B",140,100,100,NA,NA,2,2,0,"FF",1
"122",2014,"Den Hill Preserve","B",141,40,100,NA,NA,1.60205999132796,2,0,"FF",1
"123",2014,"Den Hill Preserve","B",142,70,60,NA,NA,1.84509804001426,1.77815125038364,0,"FF",1
"124",2014,"Den Hill Preserve","B",143,190,200,NA,NA,2.27875360095283,2.30102999566398,0,"FF",1
"125",2014,"Den Hill Preserve","B",144,120,270,NA,NA,2.07918124604762,2.43136376415899,0,"FF",1
"126",2014,"Den Hill Preserve","B",145,140,100,NA,NA,2.14612803567824,2,0,"FF",1
"127",2014,"Den Hill Preserve","B",146,140,140,NA,NA,2.14612803567824,2.14612803567824,0,"FF",1
"128",2014,"Den Hill Preserve","B",147,220,700,NA,NA,2.34242268082221,2.84509804001426,0,"FF",1
"129",2014,"Den Hill Preserve","B",148,50,130,NA,NA,1.69897000433602,2.11394335230684,0,"FF",1
"130",2014,"Den Hill Preserve","B",149,230,240,NA,101,2.36172783601759,2.38021124171161,1,"FF",1
"131",2014,"Den Hill Preserve","B",150,110,160,NA,NA,2.04139268515822,2.20411998265592,0,"FF",1
"132",2014,"Den Hill Preserve","B",151,160,160,NA,NA,2.20411998265592,2.20411998265592,0,"FF",1
"133",2014,"Den Hill Preserve","B",152,250,350,NA,NA,2.39794000867204,2.54406804435028,0,"FF",1
"134",2014,"Den Hill Preserve","B",153,170,180,NA,NA,2.23044892137827,2.25527250510331,0,"FF",1
"135",2014,"Den Hill Preserve","B",154,160,200,NA,NA,2.20411998265592,2.30102999566398,0,"FF",1
"136",2014,"Den Hill Preserve","B",155,70,120,NA,NA,1.84509804001426,2.07918124604762,0,"FF",1
"137",2014,"Den Hill Preserve","B",156,110,120,NA,NA,2.04139268515822,2.07918124604762,0,"FF",1
"138",2014,"Den Hill Preserve","B",157,50,NA,NA,NA,1.69897000433602,NA,0,"FF",0
"139",2014,"Den Hill Preserve","B",158,210,340,NA,NA,2.32221929473392,2.53147891704225,0,"FF",1
"140",2014,"Den Hill Preserve","B",159,50,60,NA,NA,1.69897000433602,1.77815125038364,0,"FF",1
"141",2014,"Den Hill Preserve","B",160,50,90,NA,NA,1.69897000433602,1.95424250943932,0,"FF",1
"142",2014,"Den Hill Preserve","B",161,100,80,NA,NA,2,1.90308998699194,0,"FF",1
"143",2014,"Den Hill Preserve","B",162,70,50,NA,NA,1.84509804001426,1.69897000433602,0,"FF",1
"144",2014,"Den Hill Preserve","B",163,40,50,NA,NA,1.60205999132796,1.69897000433602,0,"FF",1
"145",2014,"Den Hill Preserve","B",164,150,250,NA,NA,2.17609125905568,2.39794000867204,0,"FF",1
"146",2014,"Den Hill Preserve","B",165,180,50,NA,NA,2.25527250510331,1.69897000433602,0,"FF",1
"147",2014,"Den Hill Preserve","B",166,470,950,NA,88,2.67209785793572,2.97772360528885,1,"FF",1
"148",2014,"Den Hill Preserve","B",167,130,200,NA,NA,2.11394335230684,2.30102999566398,0,"FF",1
"149",2014,"Den Hill Preserve","B",168,80,130,NA,NA,1.90308998699194,2.11394335230684,0,"FF",1
"150",2014,"Den Hill Preserve","B",169,60,50,NA,NA,1.77815125038364,1.69897000433602,0,"FF",1
"151",2014,"Den Hill Preserve","B",170,190,110,NA,NA,2.27875360095283,2.04139268515822,0,"FF",1
"152",2014,"Den Hill Preserve","B",171,210,70,NA,NA,2.32221929473392,1.84509804001426,0,"FF",1
"153",2014,"Den Hill Preserve","B",172,200,420,89,NA,2.30102999566398,2.6232492903979,0,"FL",1
"154",2014,"Den Hill Preserve","B",173,60,25,NA,NA,1.77815125038364,1.39794000867204,0,"FF",1
"155",2014,"Den Hill Preserve","B",174,80,50,NA,NA,1.90308998699194,1.69897000433602,0,"FF",1
"156",2014,"Den Hill Preserve","B",175,50,55,NA,NA,1.69897000433602,1.74036268949424,0,"FF",1
"157",2014,"Den Hill Preserve","B",176,60,25,NA,NA,1.77815125038364,1.39794000867204,0,"FF",1
"158",2014,"Den Hill Preserve","B",177,60,45,NA,NA,1.77815125038364,1.65321251377534,0,"FF",1
"159",2014,"Den Hill Preserve","B",178,370,260,NA,NA,2.56820172406699,2.41497334797082,0,"FF",1
"160",2014,"Den Hill Preserve","B",179,60,55,NA,NA,1.77815125038364,1.74036268949424,0,"FF",1
"161",2014,"Den Hill Preserve","B",180,120,200,NA,NA,2.07918124604762,2.30102999566398,0,"FF",1
"162",2014,"Den Hill Preserve","B",181,110,160,NA,NA,2.04139268515822,2.20411998265592,0,"FF",1
"163",2014,"Den Hill Preserve","B",182,140,80,NA,NA,2.14612803567824,1.90308998699194,0,"FF",1
"164",2014,"Den Hill Preserve","B",183,120,110,NA,NA,2.07918124604762,2.04139268515822,0,"FF",1
"165",2014,"Den Hill Preserve","B",184,50,60,NA,NA,1.69897000433602,1.77815125038364,0,"FF",1
"166",2014,"Den Hill Preserve","B",185,150,90,NA,NA,2.17609125905568,1.95424250943932,0,"FF",1
"167",2014,"Den Hill Preserve","B",186,60,50,NA,NA,1.77815125038364,1.69897000433602,0,"FF",1
"168",2014,"Den Hill Preserve","B",187,30,25,NA,NA,1.47712125471966,1.39794000867204,0,"FF",1
"169",2014,"Den Hill Preserve","B",188,80,100,NA,NA,1.90308998699194,2,0,"FF",1
"170",2014,"Den Hill Preserve","B",189,80,80,NA,NA,1.90308998699194,1.90308998699194,0,"FF",1
"171",2014,"Den Hill Preserve","B",190,170,210,NA,NA,2.23044892137827,2.32221929473392,0,"FF",1
"172",2014,"Den Hill Preserve","B",191,60,65,NA,NA,1.77815125038364,1.81291335664286,0,"FF",1
"173",2014,"Den Hill Preserve","B",192,190,175,NA,NA,2.27875360095283,2.24303804868629,0,"FF",1
"174",2014,"Den Hill Preserve","B",193,50,45,NA,NA,1.69897000433602,1.65321251377534,0,"FF",1
"175",2014,"Den Hill Preserve","B",194,150,50,NA,NA,2.17609125905568,1.69897000433602,0,"FF",1
"176",2014,"Den Hill Preserve","B",195,90,180,NA,NA,1.95424250943932,2.25527250510331,0,"FF",1
"177",2014,"Den Hill Preserve","B",196,30,50,NA,NA,1.47712125471966,1.69897000433602,0,"FF",1
"178",2014,"Den Hill Preserve","B",197,170,130,NA,NA,2.23044892137827,2.11394335230684,0,"FF",1
"179",2014,"Den Hill Preserve","B",198,70,60,NA,NA,1.84509804001426,1.77815125038364,0,"FF",1
"180",2014,"Den Hill Preserve","B",199,90,100,NA,NA,1.95424250943932,2,0,"FF",1
"181",2014,"Den Hill Preserve","B",200,290,170,NA,NA,2.46239799789896,2.23044892137827,0,"FF",1
"182",2014,"Den Hill Preserve","B",524,95,45,NA,NA,1.97772360528885,1.65321251377534,0,"FF",1
"183",2014,"Den Hill Preserve","B",525,110,NA,NA,NA,2.04139268515822,NA,0,"FF",0
"184",2014,"Den Hill Preserve","B",526,225,120,NA,NA,2.35218251811136,2.07918124604762,0,"FF",1
"185",2014,"Den Hill Preserve","B",527,90,120,NA,NA,1.95424250943932,2.07918124604762,0,"FF",1
"186",2014,"Den Hill Preserve","B",528,125,NA,NA,NA,2.09691001300806,NA,0,"FF",0
"187",2014,"Den Hill Preserve","B",529,90,70,NA,NA,1.95424250943932,1.84509804001426,0,"FF",1
"188",2014,"Den Hill Preserve","B",530,160,195,NA,NA,2.20411998265592,2.29003461136252,0,"FF",1
"189",2014,"Den Hill Preserve","B",531,80,NA,NA,NA,1.90308998699194,NA,0,"FF",0
"190",2014,"Den Hill Preserve","B",532,50,50,NA,NA,1.69897000433602,1.69897000433602,0,"FF",1
"191",2014,"Den Hill Preserve","B",533,45,45,NA,NA,1.65321251377534,1.65321251377534,0,"FF",1
"192",2014,"Den Hill Preserve","B",534,120,130,NA,NA,2.07918124604762,2.11394335230684,0,"FF",1
"193",2014,"Den Hill Preserve","B",774,50,70,NA,NA,1.69897000433602,1.84509804001426,0,"FF",1
"194",2014,"Den Hill Preserve","B",775,210,130,NA,NA,2.32221929473392,2.11394335230684,0,"FF",1
"195",2014,"Den Hill Preserve","B",776,95,75,NA,NA,1.97772360528885,1.8750612633917,0,"FF",1
"196",2014,"Den Hill Preserve","B",777,155,250,NA,NA,2.19033169817029,2.39794000867204,0,"FF",1
"197",2014,"Den Hill Preserve","B",778,65,60,NA,NA,1.81291335664286,1.77815125038364,0,"FF",1
"198",2014,"Den Hill Preserve","B",779,90,65,NA,NA,1.95424250943932,1.81291335664286,0,"FF",1
"199",2014,"Den Hill Preserve","B",780,70,30,NA,NA,1.84509804001426,1.47712125471966,0,"FF",1
"200",2014,"Den Hill Preserve","B",781,210,155,NA,71,2.32221929473392,2.19033169817029,1,"FF",1
"201",2014,"Den Hill Preserve","B",782,25,15,NA,NA,1.39794000867204,1.17609125905568,0,"FF",1
"202",2014,"Den Hill Preserve","B",783,45,25,NA,NA,1.65321251377534,1.39794000867204,0,"FF",1
"203",2014,"Den Hill Preserve","B",784,40,35,NA,NA,1.60205999132796,1.54406804435028,0,"FF",1
"204",2014,"Den Hill Preserve","B",785,75,45,NA,NA,1.8750612633917,1.65321251377534,0,"FF",1
"205",2014,"Den Hill Preserve","B",786,45,65,NA,NA,1.65321251377534,1.81291335664286,0,"FF",1
"206",2014,"Den Hill Preserve","B",787,110,125,NA,NA,2.04139268515822,2.09691001300806,0,"FF",1
"207",2014,"Den Hill Preserve","B",788,95,70,NA,NA,1.97772360528885,1.84509804001426,0,"FF",1
"208",2014,"Den Hill Preserve","B",789,85,45,NA,NA,1.92941892571429,1.65321251377534,0,"FF",1
"209",2014,"Den Hill Preserve","B",790,55,60,NA,NA,1.74036268949424,1.77815125038364,0,"FF",1
"210",2014,"Den Hill Preserve","B",791,50,100,NA,NA,1.69897000433602,2,0,"FF",1
"211",2014,"Den Hill Preserve","B",792,120,120,NA,NA,2.07918124604762,2.07918124604762,0,"FF",1
"212",2014,"Den Hill Preserve","B",793,140,60,NA,60,2.14612803567824,1.77815125038364,1,"FF",1
"213",2014,"Den Hill Preserve","B",794,230,175,NA,90,2.36172783601759,2.24303804868629,1,"FF",1
"214",2014,"Den Hill Preserve","B",795,105,200,NA,NA,2.02118929906994,2.30102999566398,0,"FF",1
"215",2014,"Den Hill Preserve","B",796,95,60,59,NA,1.97772360528885,1.77815125038364,0,"FL",1
"216",2014,"Den Hill Preserve","B",797,140,310,NA,NA,2.14612803567824,2.49136169383427,0,"FF",1
"217",2014,"Den Hill Preserve","B",798,310,180,NA,NA,2.49136169383427,2.25527250510331,0,"FF",1
"218",2014,"Den Hill Preserve","B",851,75,30,NA,NA,1.8750612633917,1.47712125471966,0,"FF",1
"219",2014,"Den Hill Preserve","B",852,45,70,NA,NA,1.65321251377534,1.84509804001426,0,"FF",1
"220",2014,"Den Hill Preserve","B",853,125,480,NA,NA,2.09691001300806,2.68124123737559,0,"FF",1
"221",2014,"Den Hill Preserve","B",854,35,130,NA,NA,1.54406804435028,2.11394335230684,0,"FF",1
"222",2014,"Den Hill Preserve","B",855,95,70,NA,NA,1.97772360528885,1.84509804001426,0,"FF",1
"223",2014,"Den Hill Preserve","B",856,55,120,NA,NA,1.74036268949424,2.07918124604762,0,"FF",1
"224",2014,"Den Hill Preserve","B",857,75,50,NA,NA,1.8750612633917,1.69897000433602,0,"FF",1
"225",2014,"Den Hill Preserve","B",858,85,NA,NA,NA,1.92941892571429,NA,0,"FF",0
"226",2014,"Den Hill Preserve","B",859,95,50,NA,NA,1.97772360528885,1.69897000433602,0,"FF",1
"227",2014,"Den Hill Preserve","B",860,115,170,NA,NA,2.06069784035361,2.23044892137827,0,"FF",1
"228",2014,"Den Hill Preserve","B",861,75,60,NA,NA,1.8750612633917,1.77815125038364,0,"FF",1
"229",2014,"Den Hill Preserve","B",862,120,170,NA,NA,2.07918124604762,2.23044892137827,0,"FF",1
"230",2014,"Den Hill Preserve","B",863,130,95,NA,NA,2.11394335230684,1.97772360528885,0,"FF",1
"231",2014,"Den Hill Preserve","B",864,60,380,NA,NA,1.77815125038364,2.57978359661681,0,"FF",1
"232",2014,"Den Hill Preserve","B",865,55,90,60.5,NA,1.74036268949424,1.95424250943932,0,"FL",1
"233",2014,"Den Hill Preserve","B",866,60,75,NA,NA,1.77815125038364,1.8750612633917,0,"FF",1
"234",2014,"Den Hill Preserve","B",867,85,90,NA,NA,1.92941892571429,1.95424250943932,0,"FF",1
"235",2014,"Den Hill Preserve","B",868,75,75,NA,NA,1.8750612633917,1.8750612633917,0,"FF",1
"236",2014,"Den Hill Preserve","B",869,135,130,NA,NA,2.13033376849501,2.11394335230684,0,"FF",1
"237",2014,"Den Hill Preserve","B",870,80,90,NA,NA,1.90308998699194,1.95424250943932,0,"FF",1
"238",2014,"Den Hill Preserve","B",871,85,120,NA,NA,1.92941892571429,2.07918124604762,0,"FF",1
"239",2014,"Den Hill Preserve","B",872,95,120,NA,NA,1.97772360528885,2.07918124604762,0,"FF",1
"240",2014,"Den Hill Preserve","B",873,50,NA,NA,NA,1.69897000433602,NA,0,"FF",0
"241",2014,"Den Hill Preserve","B",874,35,100,NA,NA,1.54406804435028,2,0,"FF",1
"242",2014,"Den Hill Preserve","B",875,70,70,NA,NA,1.84509804001426,1.84509804001426,0,"FF",1
"243",2014,"Den Hill Preserve","B",876,100,NA,70.5,NA,2,NA,0,"FL",0
"244",2014,"Den Hill Preserve","B",877,50,75,NA,NA,1.69897000433602,1.8750612633917,0,"FF",1
"245",2014,"Den Hill Preserve","B",878,90,200,NA,NA,1.95424250943932,2.30102999566398,0,"FF",1
"246",2014,"Den Hill Preserve","B",879,140,150,NA,NA,2.14612803567824,2.17609125905568,0,"FF",1
"247",2014,"Den Hill Preserve","B",880,65,NA,NA,NA,1.81291335664286,NA,0,"FF",0
"248",2014,"Den Hill Preserve","B",881,200,130,NA,NA,2.30102999566398,2.11394335230684,0,"FF",1
"249",2014,"Den Hill Preserve","B",882,80,80,NA,NA,1.90308998699194,1.90308998699194,0,"FF",1
"250",2014,"Den Hill Preserve","B",883,215,300,NA,NA,2.33243845991561,2.47712125471966,0,"FF",1
"251",2014,"Den Hill Preserve","B",884,80,60,NA,NA,1.90308998699194,1.77815125038364,0,"FF",1
"252",2014,"Den Hill Preserve","B",885,60,80,NA,NA,1.77815125038364,1.90308998699194,0,"FF",1
"253",2014,"Den Hill Preserve","B",889,55,60,NA,NA,1.74036268949424,1.77815125038364,0,"FF",1
"254",2014,"Den Hill Preserve","B",890,25,15,NA,NA,1.39794000867204,1.17609125905568,0,"FF",1
"255",2014,"Den Hill Preserve","B",892,90,140,NA,NA,1.95424250943932,2.14612803567824,0,"FF",1
"256",2014,"Den Hill Preserve","B",901,35,10,NA,NA,1.54406804435028,1,0,"FF",1
"257",2014,"Den Hill Preserve","B",902,115,NA,NA,NA,2.06069784035361,NA,0,"FF",0
"258",2014,"Den Hill Preserve","B",903,40,NA,NA,NA,1.60205999132796,NA,0,"FF",0
"259",2014,"Den Hill Preserve","B",904,110,75,NA,NA,2.04139268515822,1.8750612633917,0,"FF",1
"260",2014,"Den Hill Preserve","B",905,70,90,NA,NA,1.84509804001426,1.95424250943932,0,"FF",1
"261",2014,"Den Hill Preserve","B",906,110,80,NA,77,2.04139268515822,1.90308998699194,1,"FF",1
"262",2014,"Den Hill Preserve","B",907,105,NA,65,NA,2.02118929906994,NA,0,"FL",0
"263",2014,"Den Hill Preserve","B",908,70,30,NA,NA,1.84509804001426,1.47712125471966,0,"FF",1
"264",2014,"Den Hill Preserve","B",909,55,15,NA,NA,1.74036268949424,1.17609125905568,0,"FF",1
"265",2014,"Den Hill Preserve","B",910,210,40,NA,NA,2.32221929473392,1.60205999132796,0,"FF",1
"266",2014,"Den Hill Preserve","B",911,30,45,NA,NA,1.47712125471966,1.65321251377534,0,"FF",1
"267",2014,"Den Hill Preserve","B",912,160,130,NA,NA,2.20411998265592,2.11394335230684,0,"FF",1
"268",2014,"Den Hill Preserve","B",913,110,50,NA,40,2.04139268515822,1.69897000433602,1,"FF",1
"269",2014,"Den Hill Preserve","B",914,70,60,NA,NA,1.84509804001426,1.77815125038364,0,"FF",1
"270",2014,"Den Hill Preserve","B",915,40,NA,NA,NA,1.60205999132796,NA,0,"FF",0
"271",2014,"Den Hill Preserve","B",916,160,70,NA,NA,2.20411998265592,1.84509804001426,0,"FF",1
"272",2014,"Den Hill Preserve","B",917,120,85,NA,NA,2.07918124604762,1.92941892571429,0,"FF",1
"273",2014,"Den Hill Preserve","B",918,75,NA,NA,NA,1.8750612633917,NA,0,"FF",0
"274",2014,"Den Hill Preserve","B",919,70,NA,NA,NA,1.84509804001426,NA,0,"FF",0
"275",2014,"Den Hill Preserve","B",920,70,65,NA,NA,1.84509804001426,1.81291335664286,0,"FF",1
"276",2014,"Den Hill Preserve","B",921,150,65,NA,NA,2.17609125905568,1.81291335664286,0,"FF",1
"277",2014,"Den Hill Preserve","B",922,90,55,NA,NA,1.95424250943932,1.74036268949424,0,"FF",1
"278",2014,"Den Hill Preserve","B",923,190,80,NA,NA,2.27875360095283,1.90308998699194,0,"FF",1
"279",2014,"Den Hill Preserve","B",924,55,NA,NA,NA,1.74036268949424,NA,0,"FF",0
"280",2014,"Den Hill Preserve","B",925,110,120,NA,NA,2.04139268515822,2.07918124604762,0,"FF",1
"281",2014,"Den Hill Preserve","B",926,70,100,NA,NA,1.84509804001426,2,0,"FF",1
"282",2014,"Den Hill Preserve","B",927,80,35,NA,NA,1.90308998699194,1.54406804435028,0,"FF",1
"283",2014,"Den Hill Preserve","B",928,40,NA,NA,NA,1.60205999132796,NA,0,"FF",0
"284",2014,"Den Hill Preserve","B",929,200,40,NA,58,2.30102999566398,1.60205999132796,1,"FF",1
"285",2014,"Den Hill Preserve","B",930,40,50,NA,NA,1.60205999132796,1.69897000433602,0,"FF",1
"286",2014,"Den Hill Preserve","B",931,50,60,NA,NA,1.69897000433602,1.77815125038364,0,"FF",1
"287",2014,"Den Hill Preserve","B",932,120,45,NA,NA,2.07918124604762,1.65321251377534,0,"FF",1
"288",2014,"Den Hill Preserve","B",933,70,70,NA,NA,1.84509804001426,1.84509804001426,0,"FF",1
"289",2014,"Den Hill Preserve","B",934,60,50,NA,NA,1.77815125038364,1.69897000433602,0,"FF",1
"290",2014,"Den Hill Preserve","B",935,75,60,NA,NA,1.8750612633917,1.77815125038364,0,"FF",1
"291",2014,"Den Hill Preserve","B",936,250,110,NA,48,2.39794000867204,2.04139268515822,1,"FF",1
"292",2014,"Den Hill Preserve","B",937,30,20,NA,NA,1.47712125471966,1.30102999566398,0,"FF",1
"293",2014,"Den Hill Preserve","B",938,40,50,NA,NA,1.60205999132796,1.69897000433602,0,"FF",1
"294",2014,"Den Hill Preserve","B",939,20,NA,NA,NA,1.30102999566398,NA,0,"FF",0
"295",2014,"Den Hill Preserve","B",940,230,170,NA,NA,2.36172783601759,2.23044892137827,0,"FF",1
"296",2014,"Den Hill Preserve","B",941,20,10,NA,NA,1.30102999566398,1,0,"FF",1
"297",2014,"Den Hill Preserve","B",942,40,NA,NA,NA,1.60205999132796,NA,0,"FF",0
"298",2014,"Den Hill Preserve","B",943,70,85,NA,NA,1.84509804001426,1.92941892571429,0,"FF",1
"299",2014,"Den Hill Preserve","B",944,55,25,NA,NA,1.74036268949424,1.39794000867204,0,"FF",1
"300",2014,"Den Hill Preserve","B",945,60,NA,NA,NA,1.77815125038364,NA,0,"FF",0
"301",2014,"Den Hill Preserve","B",946,80,65,NA,NA,1.90308998699194,1.81291335664286,0,"FF",1
"302",2014,"Den Hill Preserve","B",947,50,15,NA,NA,1.69897000433602,1.17609125905568,0,"FF",1
"303",2014,"Den Hill Preserve","B",948,105,95,NA,NA,2.02118929906994,1.97772360528885,0,"FF",1
"304",2014,"Den Hill Preserve","B",949,60,25,NA,NA,1.77815125038364,1.39794000867204,0,"FF",1
"305",2014,"Den Hill Preserve","B",950,200,NA,NA,NA,2.30102999566398,NA,0,"FF",0
"306",2014,"Den Hill Preserve","B",951,110,NA,NA,NA,2.04139268515822,NA,0,"FF",0
"307",2014,"Den Hill Preserve","B",952,40,40,NA,NA,1.60205999132796,1.60205999132796,0,"FF",1
"308",2014,"Den Hill Preserve","B",953,90,45,NA,NA,1.95424250943932,1.65321251377534,0,"FF",1
"309",2014,"Den Hill Preserve","B",954,110,170,NA,NA,2.04139268515822,2.23044892137827,0,"FF",1
"310",2014,"Den Hill Preserve","B",955,100,80,NA,NA,2,1.90308998699194,0,"FF",1
"311",2014,"Den Hill Preserve","B",956,35,30,NA,NA,1.54406804435028,1.47712125471966,0,"FF",1
"312",2014,"Den Hill Preserve","B",957,170,115,NA,NA,2.23044892137827,2.06069784035361,0,"FF",1
"313",2014,"Den Hill Preserve","B",958,40,20,NA,NA,1.60205999132796,1.30102999566398,0,"FF",1
"314",2014,"Den Hill Preserve","B",959,60,70,NA,NA,1.77815125038364,1.84509804001426,0,"FF",1
"315",2014,"Den Hill Preserve","B",960,65,NA,NA,NA,1.81291335664286,NA,0,"FF",0
"316",2014,"Den Hill Preserve","B",961,120,45,NA,NA,2.07918124604762,1.65321251377534,0,"FF",1
"317",2014,"Den Hill Preserve","B",962,110,65,NA,NA,2.04139268515822,1.81291335664286,0,"FF",1
"318",2014,"Den Hill Preserve","B",963,190,90,NA,NA,2.27875360095283,1.95424250943932,0,"FF",1
"319",2014,"Den Hill Preserve","B",964,50,NA,NA,NA,1.69897000433602,NA,0,"FF",0
"320",2014,"Den Hill Preserve","B",965,130,100,NA,NA,2.11394335230684,2,0,"FF",1
"321",2014,"Den Hill Preserve","B",966,80,80,NA,NA,1.90308998699194,1.90308998699194,0,"FF",1
"322",2014,"Den Hill Preserve","B",967,60,45,NA,NA,1.77815125038364,1.65321251377534,0,"FF",1
"323",2014,"Den Hill Preserve","B",968,90,65,NA,NA,1.95424250943932,1.81291335664286,0,"FF",1
"324",2014,"Den Hill Preserve","B",969,100,110,NA,58,2,2.04139268515822,1,"FF",1
"325",2014,"Den Hill Preserve","B",970,210,170,NA,NA,2.32221929473392,2.23044892137827,0,"FF",1
"326",2014,"Den Hill Preserve","B",971,60,NA,NA,NA,1.77815125038364,NA,0,"FF",0
"327",2014,"Den Hill Preserve","B",972,160,165,NA,NA,2.20411998265592,2.21748394421391,0,"FF",1
"328",2014,"Den Hill Preserve","B",973,90,155,NA,NA,1.95424250943932,2.19033169817029,0,"FF",1
"329",2014,"Den Hill Preserve","B",974,70,70,NA,NA,1.84509804001426,1.84509804001426,0,"FF",1
"330",2014,"Den Hill Preserve","B",975,50,50,NA,NA,1.69897000433602,1.69897000433602,0,"FF",1
"331",2014,"Den Hill Preserve","B",976,90,NA,NA,NA,1.95424250943932,NA,0,"FF",0
"332",2014,"Den Hill Preserve","B",977,90,70,NA,NA,1.95424250943932,1.84509804001426,0,"FF",1
"333",2014,"Den Hill Preserve","B",978,70,50,NA,NA,1.84509804001426,1.69897000433602,0,"FF",1
"334",2014,"Den Hill Preserve","B",979,80,NA,NA,NA,1.90308998699194,NA,0,"FF",0
"335",2014,"Den Hill Preserve","B",980,67,NA,NA,NA,1.82607480270083,NA,0,"FF",0
"336",2014,"Den Hill Preserve","B",981,90,90,NA,NA,1.95424250943932,1.95424250943932,0,"FF",1
"337",2014,"Den Hill Preserve","B",982,90,75,38,NA,1.95424250943932,1.8750612633917,0,"FL",1
"338",2014,"Den Hill Preserve","B",983,110,100,NA,NA,2.04139268515822,2,0,"FF",1
"339",2014,"Den Hill Preserve","B",984,60,100,NA,NA,1.77815125038364,2,0,"FF",1
"340",2014,"Den Hill Preserve","B",985,20,NA,NA,NA,1.30102999566398,NA,0,"FF",0
"341",2014,"Den Hill Preserve","B",986,20,NA,NA,NA,1.30102999566398,NA,0,"FF",0
"342",2014,"Den Hill Preserve","B",987,45,80,NA,NA,1.65321251377534,1.90308998699194,0,"FF",1
"343",2014,"Den Hill Preserve","B",988,110,NA,79,NA,2.04139268515822,NA,0,"FL",0
"344",2014,"Den Hill Preserve","B",989,75,NA,NA,NA,1.8750612633917,NA,0,"FF",0
"345",2014,"Den Hill Preserve","B",990,110,NA,NA,NA,2.04139268515822,NA,0,"FF",0
"346",2014,"Den Hill Preserve","B",991,100,170,NA,NA,2,2.23044892137827,0,"FF",1
"347",2014,"Den Hill Preserve","B",992,105,60,NA,NA,2.02118929906994,1.77815125038364,0,"FF",1
"348",2014,"Den Hill Preserve","B",993,175,220,NA,NA,2.24303804868629,2.34242268082221,0,"FF",1
"349",2014,"Den Hill Preserve","B",994,135,170,NA,NA,2.13033376849501,2.23044892137827,0,"FF",1
"350",2014,"Den Hill Preserve","B",995,55,80,NA,NA,1.74036268949424,1.90308998699194,0,"FF",1
"351",2014,"Den Hill Preserve","B",996,30,80,NA,NA,1.47712125471966,1.90308998699194,0,"FF",1
"352",2014,"Den Hill Preserve","B",997,85,NA,NA,NA,1.92941892571429,NA,0,"FF",0
"353",2014,"Den Hill Preserve","B",998,105,130,NA,NA,2.02118929906994,2.11394335230684,0,"FF",1
"354",2014,"Den Hill Preserve","B",999,85,NA,NA,NA,1.92941892571429,NA,0,"FF",0
"355",2014,"Den Hill Preserve","B",1000,75,80,NA,NA,1.8750612633917,1.90308998699194,0,"FF",1
"356",2014,"Den Hill Preserve","C",421,110,370,NA,69,2.04139268515822,2.56820172406699,1,"FF",1
"357",2014,"Den Hill Preserve","C",422,120,190,51,NA,2.07918124604762,2.27875360095283,0,"FL",1
"358",2014,"Den Hill Preserve","C",423,80,95,NA,NA,1.90308998699194,1.97772360528885,0,"FF",1
"359",2014,"Den Hill Preserve","C",424,60,NA,NA,NA,1.77815125038364,NA,0,"FF",0
"360",2014,"Den Hill Preserve","C",425,50,230,NA,NA,1.69897000433602,2.36172783601759,0,"FF",1
"361",2014,"Den Hill Preserve","C",426,230,140,NA,60,2.36172783601759,2.14612803567824,1,"FF",1
"362",2014,"Den Hill Preserve","C",427,80,90,NA,NA,1.90308998699194,1.95424250943932,0,"FF",1
"363",2014,"Den Hill Preserve","C",428,50,140,NA,NA,1.69897000433602,2.14612803567824,0,"FF",1
"364",2014,"Den Hill Preserve","C",429,300,350,NA,47,2.47712125471966,2.54406804435028,1,"FF",1
"365",2014,"Den Hill Preserve","C",430,40,NA,NA,NA,1.60205999132796,NA,0,"FF",0
"366",2014,"Den Hill Preserve","C",431,80,150,NA,NA,1.90308998699194,2.17609125905568,0,"FF",1
"367",2014,"Den Hill Preserve","C",432,110,230,NA,NA,2.04139268515822,2.36172783601759,0,"FF",1
"368",2014,"Den Hill Preserve","C",433,220,600,NA,NA,2.34242268082221,2.77815125038364,0,"FF",1
"369",2014,"Den Hill Preserve","C",434,120,240,NA,NA,2.07918124604762,2.38021124171161,0,"FF",1
"370",2014,"Den Hill Preserve","C",435,50,160,NA,NA,1.69897000433602,2.20411998265592,0,"FF",1
"371",2014,"Den Hill Preserve","C",436,140,160,NA,54,2.14612803567824,2.20411998265592,1,"FF",1
"372",2014,"Den Hill Preserve","C",437,100,100,79,NA,2,2,0,"FL",1
"373",2014,"Den Hill Preserve","C",438,30,70,NA,NA,1.47712125471966,1.84509804001426,0,"FF",1
"374",2014,"Den Hill Preserve","C",439,20,350,NA,NA,1.30102999566398,2.54406804435028,0,"FF",1
"375",2014,"Den Hill Preserve","C",440,110,280,NA,80,2.04139268515822,2.44715803134222,1,"FF",1
"376",2014,"Den Hill Preserve","C",441,40,NA,NA,NA,1.60205999132796,NA,0,"FF",0
"377",2014,"Den Hill Preserve","C",442,110,120,NA,NA,2.04139268515822,2.07918124604762,0,"FF",1
"378",2014,"Den Hill Preserve","C",443,120,60,NA,NA,2.07918124604762,1.77815125038364,0,"FF",1
"379",2014,"Den Hill Preserve","C",444,160,100,NA,NA,2.20411998265592,2,0,"FF",1
"380",2014,"Den Hill Preserve","C",445,70,160,NA,NA,1.84509804001426,2.20411998265592,0,"FF",1
"381",2014,"Den Hill Preserve","C",446,40,NA,NA,NA,1.60205999132796,NA,0,"FF",0
"382",2014,"Den Hill Preserve","C",447,320,700,NA,72,2.50514997831991,2.84509804001426,1,"FF",1
"383",2014,"Den Hill Preserve","C",448,150,15,58,NA,2.17609125905568,1.17609125905568,0,"FL",1
"384",2014,"Den Hill Preserve","C",449,70,80,NA,NA,1.84509804001426,1.90308998699194,0,"FF",1
"385",2014,"Den Hill Preserve","C",450,70,320,NA,NA,1.84509804001426,2.50514997831991,0,"FF",1
"386",2014,"Den Hill Preserve","C",451,110,120,NA,NA,2.04139268515822,2.07918124604762,0,"FF",1
"387",2014,"Den Hill Preserve","C",452,290,160,88,NA,2.46239799789896,2.20411998265592,0,"FL",1
"388",2014,"Den Hill Preserve","C",453,140,230,NA,NA,2.14612803567824,2.36172783601759,0,"FF",1
"389",2014,"Den Hill Preserve","C",454,30,10,NA,NA,1.47712125471966,1,0,"FF",1
"390",2014,"Den Hill Preserve","C",455,210,450,NA,NA,2.32221929473392,2.65321251377534,0,"FF",1
"391",2014,"Den Hill Preserve","C",456,30,75,NA,NA,1.47712125471966,1.8750612633917,0,"FF",1
"392",2014,"Den Hill Preserve","C",457,220,120,NA,84,2.34242268082221,2.07918124604762,1,"FF",1
"393",2014,"Den Hill Preserve","C",458,210,210,58,65,2.32221929473392,2.32221929473392,1,"FL",1
"394",2014,"Den Hill Preserve","C",459,50,NA,NA,NA,1.69897000433602,NA,0,"FF",0
"395",2014,"Den Hill Preserve","C",460,90,130,NA,NA,1.95424250943932,2.11394335230684,0,"FF",1
"396",2014,"Den Hill Preserve","C",461,40,120,NA,NA,1.60205999132796,2.07918124604762,0,"FF",1
"397",2014,"Den Hill Preserve","C",462,50,140,NA,NA,1.69897000433602,2.14612803567824,0,"FF",1
"398",2014,"Den Hill Preserve","C",463,100,220,NA,NA,2,2.34242268082221,0,"FF",1
"399",2014,"Den Hill Preserve","C",464,30,150,NA,NA,1.47712125471966,2.17609125905568,0,"FF",1
"400",2014,"Den Hill Preserve","C",465,30,90,NA,NA,1.47712125471966,1.95424250943932,0,"FF",1
"401",2014,"Den Hill Preserve","C",466,210,90,73,NA,2.32221929473392,1.95424250943932,0,"FL",1
"402",2014,"Den Hill Preserve","C",467,60,190,NA,NA,1.77815125038364,2.27875360095283,0,"FF",1
"403",2014,"Den Hill Preserve","C",501,160,150,NA,NA,2.20411998265592,2.17609125905568,0,"FF",1
"404",2014,"Den Hill Preserve","C",502,390,210,NA,79,2.5910646070265,2.32221929473392,1,"FF",1
"405",2014,"Den Hill Preserve","C",503,265,600,NA,62,2.42324587393681,2.77815125038364,1,"FF",1
"406",2014,"Den Hill Preserve","C",504,140,150,NA,NA,2.14612803567824,2.17609125905568,0,"FF",1
"407",2014,"Den Hill Preserve","C",505,235,400,NA,NA,2.37106786227174,2.60205999132796,0,"FF",1
"408",2014,"Den Hill Preserve","C",506,125,280,NA,NA,2.09691001300806,2.44715803134222,0,"FF",1
"409",2014,"Den Hill Preserve","C",507,395,870,NA,107,2.59659709562646,2.93951925261862,1,"FF",1
"410",2014,"Den Hill Preserve","C",508,205,460,NA,82,2.31175386105575,2.66275783168157,1,"FF",1
"411",2014,"Den Hill Preserve","C",509,110,270,NA,65,2.04139268515822,2.43136376415899,1,"FF",1
"412",2014,"Den Hill Preserve","C",510,65,100,NA,NA,1.81291335664286,2,0,"FF",1
"413",2014,"Den Hill Preserve","C",511,245,330,NA,NA,2.38916608436453,2.51851393987789,0,"FF",1
"414",2014,"Den Hill Preserve","C",512,240,190,NA,65,2.38021124171161,2.27875360095283,1,"FF",1
"415",2014,"Den Hill Preserve","C",513,75,30,NA,NA,1.8750612633917,1.47712125471966,0,"FF",1
"416",2014,"Den Hill Preserve","C",514,265,60,73.5,NA,2.42324587393681,1.77815125038364,0,"FL",1
"417",2014,"Den Hill Preserve","C",515,175,110,NA,NA,2.24303804868629,2.04139268515822,0,"FF",1
"418",2014,"Den Hill Preserve","C",516.2,215,NA,215,NA,2.33243845991561,NA,0,"FL",0
"419",2014,"Den Hill Preserve","C",517,55,55,NA,NA,1.74036268949424,1.74036268949424,0,"FF",1
"420",2014,"Den Hill Preserve","C",518,200,105,NA,59,2.30102999566398,2.02118929906994,1,"FF",1
"421",2014,"Den Hill Preserve","C",519,230,140,NA,68,2.36172783601759,2.14612803567824,1,"FF",1
"422",2014,"Den Hill Preserve","C",520,330,220,62,91,2.51851393987789,2.34242268082221,1,"FL",1
"423",2014,"Den Hill Preserve","C",521,80,25,NA,NA,1.90308998699194,1.39794000867204,0,"FF",1
"424",2014,"Den Hill Preserve","C",522,150,120,NA,64,2.17609125905568,2.07918124604762,1,"FF",1
"425",2014,"Den Hill Preserve","C",523,130,NA,71,NA,2.11394335230684,NA,0,"FL",0
"426",2014,"Den Hill Preserve","C",558,180,120,NA,NA,2.25527250510331,2.07918124604762,0,"FF",1
"427",2014,"Den Hill Preserve","C",559,75,80,NA,NA,1.8750612633917,1.90308998699194,0,"FF",1
"428",2014,"Den Hill Preserve","C",560,135,350,NA,NA,2.13033376849501,2.54406804435028,0,"FF",1
"429",2014,"Den Hill Preserve","C",561,90,120,74,NA,1.95424250943932,2.07918124604762,0,"FL",1
"430",2014,"Den Hill Preserve","C",562,145,100,NA,NA,2.16136800223497,2,0,"FF",1
"431",2014,"Den Hill Preserve","C",563,75,15,NA,NA,1.8750612633917,1.17609125905568,0,"FF",1
"432",2014,"Den Hill Preserve","C",564,115,135,NA,NA,2.06069784035361,2.13033376849501,0,"FF",1
"433",2014,"Den Hill Preserve","C",565,105,95,NA,NA,2.02118929906994,1.97772360528885,0,"FF",1
"434",2014,"Den Hill Preserve","C",566,240,180,NA,80,2.38021124171161,2.25527250510331,1,"FF",1
"435",2014,"Den Hill Preserve","C",567,120,95,NA,NA,2.07918124604762,1.97772360528885,0,"FF",1
"436",2014,"Den Hill Preserve","C",568,240,140,NA,94,2.38021124171161,2.14612803567824,1,"FF",1
"437",2014,"Den Hill Preserve","C",569,55,75,NA,NA,1.74036268949424,1.8750612633917,0,"FF",1
"438",2014,"Den Hill Preserve","C",570,125,215,NA,NA,2.09691001300806,2.33243845991561,0,"FF",1
"439",2014,"Den Hill Preserve","C",571,70,65,NA,NA,1.84509804001426,1.81291335664286,0,"FF",1
"440",2014,"Den Hill Preserve","C",572,165,300,73,NA,2.21748394421391,2.47712125471966,0,"FL",1
"441",2014,"Den Hill Preserve","C",573,105,350,NA,80,2.02118929906994,2.54406804435028,1,"FF",1
"442",2014,"Den Hill Preserve","C",574,160,90,NA,NA,2.20411998265592,1.95424250943932,0,"FF",1
"443",2014,"Den Hill Preserve","C",575,55,NA,NA,NA,1.74036268949424,NA,0,"FF",0
"444",2014,"Den Hill Preserve","C",576,90,240,NA,NA,1.95424250943932,2.38021124171161,0,"FF",1
"445",2014,"Den Hill Preserve","C",678,110,300,NA,NA,2.04139268515822,2.47712125471966,0,"FF",1
"446",2014,"Den Hill Preserve","C",679,105,85,NA,NA,2.02118929906994,1.92941892571429,0,"FF",1
"447",2014,"Den Hill Preserve","C",680,45,35,NA,NA,1.65321251377534,1.54406804435028,0,"FF",1
"448",2014,"Den Hill Preserve","C",681,40,45,NA,NA,1.60205999132796,1.65321251377534,0,"FF",1
"449",2014,"Den Hill Preserve","C",682,380,320,NA,74,2.57978359661681,2.50514997831991,1,"FF",1
"450",2014,"Den Hill Preserve","C",683,175,130,NA,NA,2.24303804868629,2.11394335230684,0,"FF",1
"451",2014,"Den Hill Preserve","C",684,60,100,NA,NA,1.77815125038364,2,0,"FF",1
"452",2014,"Den Hill Preserve","C",685,70,80,NA,NA,1.84509804001426,1.90308998699194,0,"FF",1
"453",2014,"Den Hill Preserve","C",686,425,660,NA,NA,2.62838893005031,2.81954393554187,0,"FF",1
"454",2014,"Den Hill Preserve","C",687,95,95,NA,NA,1.97772360528885,1.97772360528885,0,"FF",1
"455",2014,"Den Hill Preserve","C",688,270,370,28,NA,2.43136376415899,2.56820172406699,0,"FL",1
"456",2014,"Den Hill Preserve","C",689,125,100,NA,NA,2.09691001300806,2,0,"FF",1
"457",2014,"Den Hill Preserve","C",690,240,75,80,NA,2.38021124171161,1.8750612633917,0,"FL",1
"458",2014,"Den Hill Preserve","C",691,165,120,NA,NA,2.21748394421391,2.07918124604762,0,"FF",1
"459",2014,"Den Hill Preserve","C",692,60,65,NA,NA,1.77815125038364,1.81291335664286,0,"FF",1
"460",2014,"Den Hill Preserve","C",693,90,90,NA,NA,1.95424250943932,1.95424250943932,0,"FF",1
"461",2014,"Den Hill Preserve","C",694,65,60,NA,NA,1.81291335664286,1.77815125038364,0,"FF",1
"462",2014,"Den Hill Preserve","C",695,80,80,NA,NA,1.90308998699194,1.90308998699194,0,"FF",1
"463",2014,"Den Hill Preserve","C",696,65,100,NA,NA,1.81291335664286,2,0,"FF",1
"464",2014,"Den Hill Preserve","C",697,150,140,NA,NA,2.17609125905568,2.14612803567824,0,"FF",1
"465",2014,"Den Hill Preserve","C",698,110,190,NA,NA,2.04139268515822,2.27875360095283,0,"FF",1
"466",2014,"Den Hill Preserve","C",699,190,125,56,67,2.27875360095283,2.09691001300806,1,"FL",1
"467",2014,"Den Hill Preserve","C",700,270,210,NA,96,2.43136376415899,2.32221929473392,1,"FF",1
"468",2014,"Den Hill Preserve","D",205,50,100,NA,NA,1.69897000433602,2,0,"FF",1
"469",2014,"Den Hill Preserve","D",217,320,500,NA,NA,2.50514997831991,2.69897000433602,0,"FF",1
"470",2014,"Den Hill Preserve","D",220,280,480,NA,NA,2.44715803134222,2.68124123737559,0,"FF",1
"471",2014,"Den Hill Preserve","D",225,230,250,NA,NA,2.36172783601759,2.39794000867204,0,"FF",1
"472",2014,"Den Hill Preserve","D",228,50,NA,NA,NA,1.69897000433602,NA,0,"FF",0
"473",2014,"Den Hill Preserve","D",232,80,180,NA,NA,1.90308998699194,2.25527250510331,0,"FF",1
"474",2014,"Den Hill Preserve","D",235,190,130,NA,64,2.27875360095283,2.11394335230684,1,"FF",1
"475",2014,"Den Hill Preserve","D",238,190,290,NA,NA,2.27875360095283,2.46239799789896,0,"FF",1
"476",2014,"Den Hill Preserve","D",241,110,150,NA,NA,2.04139268515822,2.17609125905568,0,"FF",1
"477",2014,"Den Hill Preserve","D",242,60,130,NA,NA,1.77815125038364,2.11394335230684,0,"FF",1
"478",2014,"Den Hill Preserve","D",245,120,NA,NA,NA,2.07918124604762,NA,0,"FF",0
"479",2014,"Den Hill Preserve","D",250,104,NA,NA,NA,2.01703333929878,NA,0,"FF",0
"480",2014,"Den Hill Preserve","D",259,150,250,NA,NA,2.17609125905568,2.39794000867204,0,"FF",1
"481",2014,"Den Hill Preserve","D",267,150,220,NA,NA,2.17609125905568,2.34242268082221,0,"FF",1
"482",2014,"Den Hill Preserve","D",273,60,170,NA,NA,1.77815125038364,2.23044892137827,0,"FF",1
"483",2014,"Den Hill Preserve","D",275,68,140,NA,NA,1.83250891270624,2.14612803567824,0,"FF",1
"484",2014,"Den Hill Preserve","D",276,50,90,NA,NA,1.69897000433602,1.95424250943932,0,"FF",1
"485",2014,"Den Hill Preserve","D",277,40,75,NA,NA,1.60205999132796,1.8750612633917,0,"FF",1
"486",2014,"Den Hill Preserve","D",285,170,210,NA,NA,2.23044892137827,2.32221929473392,0,"FF",1
"487",2014,"Den Hill Preserve","D",286,110,200,NA,NA,2.04139268515822,2.30102999566398,0,"FF",1
"488",2014,"Den Hill Preserve","D",289,170,300,NA,57,2.23044892137827,2.47712125471966,1,"FF",1
"489",2014,"Den Hill Preserve","D",290,120,400,NA,NA,2.07918124604762,2.60205999132796,0,"FF",1
"490",2014,"Den Hill Preserve","D",291,160,70,NA,NA,2.20411998265592,1.84509804001426,0,"FF",1
"491",2014,"Den Hill Preserve","D",294,60,80,NA,NA,1.77815125038364,1.90308998699194,0,"FF",1
"492",2014,"Den Hill Preserve","D",295,70,260,NA,NA,1.84509804001426,2.41497334797082,0,"FF",1
"493",2014,"Den Hill Preserve","D",296,168,150,NA,NA,2.22530928172586,2.17609125905568,0,"FF",1
"494",2014,"Den Hill Preserve","D",297,100,150,NA,NA,2,2.17609125905568,0,"FF",1
"495",2014,"Den Hill Preserve","D",298,55,75,NA,NA,1.74036268949424,1.8750612633917,0,"FF",1
"496",2014,"Den Hill Preserve","D",299,210,700,NA,NA,2.32221929473392,2.84509804001426,0,"FF",1
"497",2014,"Den Hill Preserve","D",300,50,80,NA,NA,1.69897000433602,1.90308998699194,0,"FF",1
"498",2014,"Den Hill Preserve","D",366,75,110,NA,NA,1.8750612633917,2.04139268515822,0,"FF",1
"499",2014,"Den Hill Preserve","D",368,165,230,NA,NA,2.21748394421391,2.36172783601759,0,"FF",1
"500",2014,"Den Hill Preserve","D",369,65,20,NA,NA,1.81291335664286,1.30102999566398,0,"FF",1
"501",2014,"Den Hill Preserve","D",370,25,25,NA,NA,1.39794000867204,1.39794000867204,0,"FF",1
"502",2014,"Den Hill Preserve","D",371,35,95,NA,NA,1.54406804435028,1.97772360528885,0,"FF",1
"503",2014,"Den Hill Preserve","D",372,80,60,NA,NA,1.90308998699194,1.77815125038364,0,"FF",1
"504",2014,"Den Hill Preserve","D",373,310,450,NA,NA,2.49136169383427,2.65321251377534,0,"FF",1
"505",2014,"Den Hill Preserve","D",374,125,190,NA,NA,2.09691001300806,2.27875360095283,0,"FF",1
"506",2014,"Den Hill Preserve","D",375,75,110,NA,NA,1.8750612633917,2.04139268515822,0,"FF",1
"507",2014,"Den Hill Preserve","D",376,80,120,NA,NA,1.90308998699194,2.07918124604762,0,"FF",1
"508",2014,"Den Hill Preserve","D",377,75,60,NA,NA,1.8750612633917,1.77815125038364,0,"FF",1
"509",2014,"Den Hill Preserve","D",378,25,NA,NA,NA,1.39794000867204,NA,0,"FF",0
"510",2014,"Den Hill Preserve","D",379,55,50,NA,NA,1.74036268949424,1.69897000433602,0,"FF",1
"511",2014,"Den Hill Preserve","D",381,110,80,NA,NA,2.04139268515822,1.90308998699194,0,"FF",1
"512",2014,"Den Hill Preserve","D",382,130,10,NA,NA,2.11394335230684,1,0,"FF",1
"513",2014,"Den Hill Preserve","D",383,220,400,NA,NA,2.34242268082221,2.60205999132796,0,"FF",1
"514",2014,"Den Hill Preserve","D",384,135,300,NA,NA,2.13033376849501,2.47712125471966,0,"FF",1
"515",2014,"Den Hill Preserve","D",385,115,110,NA,NA,2.06069784035361,2.04139268515822,0,"FF",1
"516",2014,"Den Hill Preserve","D",386,30,60,NA,NA,1.47712125471966,1.77815125038364,0,"FF",1
"517",2014,"Den Hill Preserve","D",387,260,110,81,NA,2.41497334797082,2.04139268515822,0,"FL",1
"518",2014,"Den Hill Preserve","D",388,70,NA,NA,NA,1.84509804001426,NA,0,"FF",0
"519",2014,"Den Hill Preserve","D",389,70,NA,NA,NA,1.84509804001426,NA,0,"FF",0
"520",2014,"Den Hill Preserve","D",390,85,140,NA,NA,1.92941892571429,2.14612803567824,0,"FF",1
"521",2014,"Den Hill Preserve","D",391,130,80,NA,NA,2.11394335230684,1.90308998699194,0,"FF",1
"522",2014,"Den Hill Preserve","D",392,30,35,NA,NA,1.47712125471966,1.54406804435028,0,"FF",1
"523",2014,"Den Hill Preserve","D",393,85,100,NA,NA,1.92941892571429,2,0,"FF",1
"524",2014,"Den Hill Preserve","D",394,20,NA,NA,NA,1.30102999566398,NA,0,"FF",0
"525",2014,"Den Hill Preserve","D",395,90,100,NA,NA,1.95424250943932,2,0,"FF",1
"526",2014,"Den Hill Preserve","D",396,140,120,NA,NA,2.14612803567824,2.07918124604762,0,"FF",1
"527",2014,"Den Hill Preserve","D",397,85,200,NA,NA,1.92941892571429,2.30102999566398,0,"FF",1
"528",2014,"Den Hill Preserve","D",398,120,100,NA,NA,2.07918124604762,2,0,"FF",1
"529",2014,"Den Hill Preserve","D",399,25,50,NA,NA,1.39794000867204,1.69897000433602,0,"FF",1
"530",2014,"Den Hill Preserve","D",400,205,400,NA,NA,2.31175386105575,2.60205999132796,0,"FF",1
"531",2014,"Den Hill Preserve","D",401,105,110,NA,NA,2.02118929906994,2.04139268515822,0,"FF",1
"532",2014,"Den Hill Preserve","D",402,140,175,NA,NA,2.14612803567824,2.24303804868629,0,"FF",1
"533",2014,"Den Hill Preserve","D",403,110,180,NA,NA,2.04139268515822,2.25527250510331,0,"FF",1
"534",2014,"Den Hill Preserve","D",404,70,110,NA,NA,1.84509804001426,2.04139268515822,0,"FF",1
"535",2014,"Den Hill Preserve","D",405,150,NA,NA,NA,2.17609125905568,NA,0,"FF",0
"536",2014,"Den Hill Preserve","D",406,75,40,NA,NA,1.8750612633917,1.60205999132796,0,"FF",1
"537",2014,"Den Hill Preserve","D",407,115,130,NA,NA,2.06069784035361,2.11394335230684,0,"FF",1
"538",2014,"Den Hill Preserve","D",408,60,75,NA,NA,1.77815125038364,1.8750612633917,0,"FF",1
"539",2014,"Den Hill Preserve","D",409,70,80,NA,NA,1.84509804001426,1.90308998699194,0,"FF",1
"540",2014,"Den Hill Preserve","D",410,120,150,NA,NA,2.07918124604762,2.17609125905568,0,"FF",1
"541",2014,"Den Hill Preserve","D",411,90,110,NA,NA,1.95424250943932,2.04139268515822,0,"FF",1
"542",2014,"Den Hill Preserve","D",412,80,85,NA,NA,1.90308998699194,1.92941892571429,0,"FF",1
"543",2014,"Den Hill Preserve","D",413,90,85,NA,NA,1.95424250943932,1.92941892571429,0,"FF",1
"544",2014,"Den Hill Preserve","D",414,90,170,NA,NA,1.95424250943932,2.23044892137827,0,"FF",1
"545",2014,"Den Hill Preserve","D",415,70,150,NA,NA,1.84509804001426,2.17609125905568,0,"FF",1
"546",2014,"Den Hill Preserve","D",416,100,130,NA,NA,2,2.11394335230684,0,"FF",1
"547",2014,"Den Hill Preserve","D",417,180,185,NA,NA,2.25527250510331,2.26717172840301,0,"FF",1
"548",2014,"Den Hill Preserve","D",418,50,80,NA,NA,1.69897000433602,1.90308998699194,0,"FF",1
"549",2014,"Den Hill Preserve","D",419,170,210,NA,NA,2.23044892137827,2.32221929473392,0,"FF",1
"550",2014,"Den Hill Preserve","D",420,50,30,NA,NA,1.69897000433602,1.47712125471966,0,"FF",1
"551",2014,"Den Hill Preserve","D",601,105,140,NA,NA,2.02118929906994,2.14612803567824,0,"FF",1
"552",2014,"Den Hill Preserve","D",602,35,40,NA,NA,1.54406804435028,1.60205999132796,0,"FF",1
"553",2014,"Den Hill Preserve","D",603,100,100,NA,NA,2,2,0,"FF",1
"554",2014,"Den Hill Preserve","D",604,35,25,NA,NA,1.54406804435028,1.39794000867204,0,"FF",1
"555",2014,"Den Hill Preserve","D",605,110,50,NA,NA,2.04139268515822,1.69897000433602,0,"FF",1
"556",2014,"Den Hill Preserve","D",606,105,110,NA,NA,2.02118929906994,2.04139268515822,0,"FF",1
"557",2014,"Den Hill Preserve","D",607,195,250,NA,NA,2.29003461136252,2.39794000867204,0,"FF",1
"558",2014,"Den Hill Preserve","D",608,40,60,NA,NA,1.60205999132796,1.77815125038364,0,"FF",1
"559",2014,"Den Hill Preserve","D",609,60,NA,NA,NA,1.77815125038364,NA,0,"FF",0
"560",2014,"Den Hill Preserve","D",610,35,30,NA,NA,1.54406804435028,1.47712125471966,0,"FF",1
"561",2014,"Den Hill Preserve","D",611,120,110,NA,NA,2.07918124604762,2.04139268515822,0,"FF",1
"562",2014,"Den Hill Preserve","D",612,200,NA,NA,NA,2.30102999566398,NA,0,"FF",0
"563",2014,"Den Hill Preserve","D",613,105,80,54,NA,2.02118929906994,1.90308998699194,0,"FL",1
"564",2014,"Den Hill Preserve","D",614,140,170,NA,NA,2.14612803567824,2.23044892137827,0,"FF",1
"565",2014,"Den Hill Preserve","D",615,85,125,NA,67,1.92941892571429,2.09691001300806,1,"FF",1
"566",2014,"Den Hill Preserve","D",616,90,200,NA,NA,1.95424250943932,2.30102999566398,0,"FF",1
"567",2014,"Den Hill Preserve","D",617,105,210,NA,NA,2.02118929906994,2.32221929473392,0,"FF",1
"568",2014,"Den Hill Preserve","D",618,100,160,NA,NA,2,2.20411998265592,0,"FF",1
"569",2014,"Den Hill Preserve","D",619,125,210,NA,NA,2.09691001300806,2.32221929473392,0,"FF",1
"570",2014,"Den Hill Preserve","D",620,135,120,NA,59,2.13033376849501,2.07918124604762,1,"FF",1
"571",2014,"Den Hill Preserve","D",621,120,180,NA,NA,2.07918124604762,2.25527250510331,0,"FF",1
"572",2014,"Den Hill Preserve","D",622,175,350,NA,78,2.24303804868629,2.54406804435028,1,"FF",1
"573",2014,"Den Hill Preserve","D",623,85,120,NA,NA,1.92941892571429,2.07918124604762,0,"FF",1
"574",2014,"Den Hill Preserve","D",624,80,140,NA,NA,1.90308998699194,2.14612803567824,0,"FF",1
"575",2014,"Den Hill Preserve","D",625,20,30,NA,NA,1.30102999566398,1.47712125471966,0,"FF",1
"576",2014,"Den Hill Preserve","D",626,55,110,NA,NA,1.74036268949424,2.04139268515822,0,"FF",1
"577",2014,"Den Hill Preserve","D",627,170,160,NA,NA,2.23044892137827,2.20411998265592,0,"FF",1
"578",2014,"Den Hill Preserve","D",628,85,50,NA,NA,1.92941892571429,1.69897000433602,0,"FF",1
"579",2014,"Den Hill Preserve","D",629,75,110,NA,NA,1.8750612633917,2.04139268515822,0,"FF",1
"580",2014,"Den Hill Preserve","D",630,145,150,NA,NA,2.16136800223497,2.17609125905568,0,"FF",1
"581",2014,"Den Hill Preserve","D",631,50,100,NA,NA,1.69897000433602,2,0,"FF",1
"582",2014,"Den Hill Preserve","D",632,80,90,NA,NA,1.90308998699194,1.95424250943932,0,"FF",1
"583",2014,"Den Hill Preserve","D",633,140,120,NA,NA,2.14612803567824,2.07918124604762,0,"FF",1
"584",2014,"Den Hill Preserve","D",634,40,NA,NA,NA,1.60205999132796,NA,0,"FF",0
"585",2014,"Den Hill Preserve","D",635,45,50,NA,NA,1.65321251377534,1.69897000433602,0,"FF",1
"586",2014,"Den Hill Preserve","D",636,70,75,NA,NA,1.84509804001426,1.8750612633917,0,"FF",1
"587",2014,"Den Hill Preserve","D",637,95,80,NA,NA,1.97772360528885,1.90308998699194,0,"FF",1
"588",2014,"Den Hill Preserve","D",638,170,80,NA,NA,2.23044892137827,1.90308998699194,0,"FF",1
"589",2014,"Den Hill Preserve","D",639,130,300,NA,NA,2.11394335230684,2.47712125471966,0,"FF",1
"590",2014,"Den Hill Preserve","D",640,140,110,NA,61,2.14612803567824,2.04139268515822,1,"FF",1
"591",2014,"Den Hill Preserve","D",641,45,NA,NA,NA,1.65321251377534,NA,0,"FF",0
"592",2014,"Den Hill Preserve","D",642,90,100,NA,NA,1.95424250943932,2,0,"FF",1
"593",2014,"Den Hill Preserve","D",643,95,NA,NA,NA,1.97772360528885,NA,0,"FF",0
"594",2014,"Den Hill Preserve","D",644,35,NA,NA,NA,1.54406804435028,NA,0,"FF",0
"595",2014,"Den Hill Preserve","D",645,70,80,NA,NA,1.84509804001426,1.90308998699194,0,"FF",1
"596",2014,"Den Hill Preserve","D",646,125,240,NA,NA,2.09691001300806,2.38021124171161,0,"FF",1
"597",2014,"Den Hill Preserve","D",647,95,160,NA,NA,1.97772360528885,2.20411998265592,0,"FF",1
"598",2014,"Den Hill Preserve","D",648,55,70,NA,NA,1.74036268949424,1.84509804001426,0,"FF",1
"599",2014,"Den Hill Preserve","D",649,35,NA,NA,NA,1.54406804435028,NA,0,"FF",0
"600",2014,"Den Hill Preserve","D",650,80,140,NA,NA,1.90308998699194,2.14612803567824,0,"FF",1
"601",2014,"Den Hill Preserve","D",651,100,150,NA,NA,2,2.17609125905568,0,"FF",1
"602",2014,"Den Hill Preserve","D",652,130,200,NA,NA,2.11394335230684,2.30102999566398,0,"FF",1
"603",2014,"Den Hill Preserve","D",653,55,60,NA,NA,1.74036268949424,1.77815125038364,0,"FF",1
"604",2014,"Den Hill Preserve","D",654,40,120,NA,NA,1.60205999132796,2.07918124604762,0,"FF",1
"605",2014,"Den Hill Preserve","D",655,75,100,NA,NA,1.8750612633917,2,0,"FF",1
"606",2014,"Den Hill Preserve","D",656,185,250,NA,NA,2.26717172840301,2.39794000867204,0,"FF",1
"607",2014,"Den Hill Preserve","D",657,60,140,NA,NA,1.77815125038364,2.14612803567824,0,"FF",1
"608",2014,"Den Hill Preserve","D",658,70,250,NA,NA,1.84509804001426,2.39794000867204,0,"FF",1
"609",2014,"Den Hill Preserve","D",659,60,80,NA,NA,1.77815125038364,1.90308998699194,0,"FF",1
"610",2014,"Den Hill Preserve","D",660,35,100,NA,NA,1.54406804435028,2,0,"FF",1
"611",2014,"Den Hill Preserve","D",661,20,20,NA,NA,1.30102999566398,1.30102999566398,0,"FF",1
"612",2014,"Den Hill Preserve","D",662,45,150,NA,NA,1.65321251377534,2.17609125905568,0,"FF",1
"613",2014,"Den Hill Preserve","D",663,105,190,NA,NA,2.02118929906994,2.27875360095283,0,"FF",1
"614",2014,"Den Hill Preserve","D",664,30,40,NA,NA,1.47712125471966,1.60205999132796,0,"FF",1
"615",2014,"Den Hill Preserve","D",665,120,150,NA,NA,2.07918124604762,2.17609125905568,0,"FF",1
"616",2014,"Den Hill Preserve","D",666,140,130,NA,70,2.14612803567824,2.11394335230684,1,"FF",1
"617",2014,"Den Hill Preserve","D",667,40,90,NA,NA,1.60205999132796,1.95424250943932,0,"FF",1
"618",2014,"Den Hill Preserve","D",668,205,140,NA,NA,2.31175386105575,2.14612803567824,0,"FF",1
"619",2014,"Den Hill Preserve","D",669,30,30,NA,NA,1.47712125471966,1.47712125471966,0,"FF",1
"620",2014,"Den Hill Preserve","D",670,70,180,NA,NA,1.84509804001426,2.25527250510331,0,"FF",1
"621",2014,"Den Hill Preserve","D",671,55,60,NA,NA,1.74036268949424,1.77815125038364,0,"FF",1
"622",2014,"Den Hill Preserve","D",672,285,290,NA,NA,2.45484486000851,2.46239799789896,0,"FF",1
"623",2014,"Den Hill Preserve","D",673,250,250,NA,NA,2.39794000867204,2.39794000867204,0,"FF",1
"624",2014,"Den Hill Preserve","D",674,120,85,NA,NA,2.07918124604762,1.92941892571429,0,"FF",1
"625",2014,"Den Hill Preserve","D",1524,60,80,NA,NA,1.77815125038364,1.90308998699194,0,"FF",1
"626",2014,"Den Hill Preserve","E",1,182,140,NA,NA,2.26007138798507,2.14612803567824,0,"FF",1
"627",2014,"Den Hill Preserve","E",2,261,95,NA,NA,2.41664050733828,1.97772360528885,0,"FF",1
"628",2014,"Den Hill Preserve","E",3,25,60,NA,NA,1.39794000867204,1.77815125038364,0,"FF",1
"629",2014,"Den Hill Preserve","E",4,108,95,NA,NA,2.03342375548695,1.97772360528885,0,"FF",1
"630",2014,"Den Hill Preserve","E",5,88,35,NA,NA,1.94448267215017,1.54406804435028,0,"FF",1
"631",2014,"Den Hill Preserve","E",6,185,165,NA,89,2.26717172840301,2.21748394421391,1,"FF",1
"632",2014,"Den Hill Preserve","E",7,173,360,NA,NA,2.2380461031288,2.55630250076729,0,"FF",1
"633",2014,"Den Hill Preserve","E",8,163,160,NA,NA,2.21218760440396,2.20411998265592,0,"FF",1
"634",2014,"Den Hill Preserve","E",9,48,70,NA,NA,1.68124123737559,1.84509804001426,0,"FF",1
"635",2014,"Den Hill Preserve","E",10,70,25,NA,NA,1.84509804001426,1.39794000867204,0,"FF",1
"636",2014,"Den Hill Preserve","E",11,40,50,NA,NA,1.60205999132796,1.69897000433602,0,"FF",1
"637",2014,"Den Hill Preserve","E",12,118,110,NA,NA,2.07188200730613,2.04139268515822,0,"FF",1
"638",2014,"Den Hill Preserve","E",13,60,60,NA,NA,1.77815125038364,1.77815125038364,0,"FF",1
"639",2014,"Den Hill Preserve","E",14,70,95,NA,NA,1.84509804001426,1.97772360528885,0,"FF",1
"640",2014,"Den Hill Preserve","E",15,65,35,NA,NA,1.81291335664286,1.54406804435028,0,"FF",1
"641",2014,"Den Hill Preserve","E",16,50,50,NA,NA,1.69897000433602,1.69897000433602,0,"FF",1
"642",2014,"Den Hill Preserve","E",17,145,100,NA,NA,2.16136800223497,2,0,"FF",1
"643",2014,"Den Hill Preserve","E",18,320,85,NA,NA,2.50514997831991,1.92941892571429,0,"FF",1
"644",2014,"Den Hill Preserve","E",19,120,65,NA,NA,2.07918124604762,1.81291335664286,0,"FF",1
"645",2014,"Den Hill Preserve","E",20,70,90,NA,NA,1.84509804001426,1.95424250943932,0,"FF",1
"646",2014,"Den Hill Preserve","E",21,195,300,NA,NA,2.29003461136252,2.47712125471966,0,"FF",1
"647",2014,"Den Hill Preserve","E",22,65,80,NA,NA,1.81291335664286,1.90308998699194,0,"FF",1
"648",2014,"Den Hill Preserve","E",23,125,55,NA,NA,2.09691001300806,1.74036268949424,0,"FF",1
"649",2014,"Den Hill Preserve","E",24,45,65,NA,NA,1.65321251377534,1.81291335664286,0,"FF",1
"650",2014,"Den Hill Preserve","E",25,125,165,NA,NA,2.09691001300806,2.21748394421391,0,"FF",1
"651",2014,"Den Hill Preserve","E",26,290,190,NA,70,2.46239799789896,2.27875360095283,1,"FF",1
"652",2014,"Den Hill Preserve","E",27,195,100,69,NA,2.29003461136252,2,0,"FL",1
"653",2014,"Den Hill Preserve","E",28,48,30,NA,NA,1.68124123737559,1.47712125471966,0,"FF",1
"654",2014,"Den Hill Preserve","E",29,145,100,NA,NA,2.16136800223497,2,0,"FF",1
"655",2014,"Den Hill Preserve","E",30,190,160,NA,30,2.27875360095283,2.20411998265592,1,"FF",1
"656",2014,"Den Hill Preserve","E",31,50,70,NA,NA,1.69897000433602,1.84509804001426,0,"FF",1
"657",2014,"Den Hill Preserve","E",32,60,60,NA,NA,1.77815125038364,1.77815125038364,0,"FF",1
"658",2014,"Den Hill Preserve","E",33,110,110,NA,NA,2.04139268515822,2.04139268515822,0,"FF",1
"659",2014,"Den Hill Preserve","E",34,190,70,63,NA,2.27875360095283,1.84509804001426,0,"FL",1
"660",2014,"Den Hill Preserve","E",35,110,180,NA,NA,2.04139268515822,2.25527250510331,0,"FF",1
"661",2014,"Den Hill Preserve","E",36,60,120,NA,NA,1.77815125038364,2.07918124604762,0,"FF",1
"662",2014,"Den Hill Preserve","E",37,60,150,NA,NA,1.77815125038364,2.17609125905568,0,"FF",1
